{
  "id": "0bfee564-fed1-4d4a-8663-af8aed3c07f7",
  "date": "2024-11-25",
  "amount": 100.0,
  "trader": "测试商家",
  "notes": "测试交易记录",
  "invoice_path": "accounts/f78adb43-cf2c-49be-8e36-361908db6d68/0bfee564-fed1-4d4a-8663-af8aed3c07f7/invoice/截屏2025-11-25 02.51.10 (2).png",
  "payment_path": "accounts/f78adb43-cf2c-49be-8e36-361908db6d68/0bfee564-fed1-4d4a-8663-af8aed3c07f7/payment/截屏2025-11-25 02.51.14.png",
  "purchase_path": null,
  "created_at": "2025-11-25T16:31:43.919024",
  "updated_at": "2025-11-25T16:46:26.419127"
}